id,first_name,last_name,email,gender,ip_address
1,Shirley,Rodgier,srodgier0@ox.ac.uk,Female,22.124.248.170
2,Beatrix,Kornousek,bkornousek1@gov.uk,Female,105.34.170.32
3,Rebekkah,Strutt,rstrutt2@seesaa.net,Female,5.103.191.55
4,Lindsy,Ranking,lranking3@tripadvisor.com,Female,144.32.204.87
5,Lissa,Cresswell,lcresswell4@shop-pro.jp,Female,4.6.202.116
6,Fergus,Melson,fmelson5@noaa.gov,Male,253.26.87.118
7,Walther,Lettuce,wlettuce6@flavors.me,Male,68.85.140.137
8,Mary,Comizzoli,mcomizzoli7@twitter.com,Female,225.255.188.190
9,Tore,McGrorty,tmcgrorty8@prweb.com,Male,181.72.186.128
10,Sisely,Mille,smille9@youku.com,Bigender,168.117.239.184
11,Bert,Cutchey,bcutcheya@phoca.cz,Female,35.108.16.149
12,Tiebold,Underhill,tunderhillb@geocities.jp,Male,144.139.125.188
13,Ransom,Form,rformc@mayoclinic.com,Male,136.193.67.183
14,Carrissa,Vaneev,cvaneevd@gov.uk,Female,97.2.237.159
15,Othello,Gascoigne,ogascoignee@jigsy.com,Male,97.70.187.119
16,Deborah,Leuty,dleutyf@tinypic.com,Female,134.73.225.70
17,Dunstan,Sizland,dsizlandg@virginia.edu,Male,149.191.224.134
18,Adlai,Lomaz,alomazh@tripadvisor.com,Male,116.195.160.198
19,Ossie,Tillyer,otillyeri@newsvine.com,Male,201.201.162.170
20,Walker,Esson,wessonj@hostgator.com,Male,206.137.109.75
21,Odetta,Whitefoot,owhitefootk@fotki.com,Female,231.83.138.188
22,Blinni,Castanos,bcastanosl@diigo.com,Female,90.194.129.241
23,Cami,Ondrak,condrakm@amazon.co.uk,Female,92.5.204.27
24,Dix,Gilberthorpe,dgilberthorpen@studiopress.com,Female,156.142.166.2
25,Salaidh,McDell,smcdello@wsj.com,Female,44.130.61.234
26,Dawn,McIlenna,dmcilennap@fc2.com,Female,97.35.122.210
27,Garey,Tewkesberry,gtewkesberryq@ehow.com,Male,20.153.220.196
28,Jania,Van Ross,jvanrossr@gmpg.org,Female,79.44.136.166
29,Rebecca,Burcher,rburchers@amazon.de,Female,254.213.66.79
30,Rosanna,Braemer,rbraemert@blinklist.com,Female,128.201.255.234
31,Trueman,Yegorshin,tyegorshinu@theatlantic.com,Male,5.39.161.30
32,Ginger,Beekmann,gbeekmannv@ucoz.com,Female,167.69.4.67
33,Heida,Bastow,hbastoww@example.com,Female,82.158.5.225
34,Tommy,Diggons,tdiggonsx@stanford.edu,Male,108.97.196.153
35,Devlin,Gannicleff,dgannicleffy@google.cn,Male,64.123.61.58
36,Nathalia,Donoghue,ndonoghuez@psu.edu,Female,65.223.243.135
37,Juieta,Yoseloff,jyoseloff10@parallels.com,Female,212.176.113.127
38,Welsh,Pauwel,wpauwel11@163.com,Male,0.240.254.165
39,Vivie,Juster,vjuster12@xrea.com,Female,5.237.241.255
40,Liz,Dunckley,ldunckley13@imageshack.us,Bigender,76.161.155.105
41,Granville,Burkhill,gburkhill14@census.gov,Male,51.67.181.139
42,Kissiah,Ferrarotti,kferrarotti15@hostgator.com,Genderqueer,47.78.47.207
43,Lynea,Hallitt,lhallitt16@phpbb.com,Female,228.215.97.114
44,Joel,Wraight,jwraight17@springer.com,Male,166.170.49.154
45,Alla,Winslett,awinslett18@jimdo.com,Female,86.237.15.8
46,Mariann,Ionnidis,mionnidis19@lulu.com,Female,165.3.146.128
47,Archibaldo,Genders,agenders1a@ihg.com,Male,0.171.67.240
48,Irv,Leate,ileate1b@latimes.com,Male,212.216.238.142
49,Vin,Ceaser,vceaser1c@vinaora.com,Female,228.106.213.72
50,Elianora,Buttress,ebuttress1d@berkeley.edu,Female,118.174.108.173
51,Blanch,Baldung,bbaldung1e@webs.com,Female,11.202.83.88
52,Brod,Spencelayh,bspencelayh1f@fema.gov,Male,116.128.197.242
53,Garek,Butland,gbutland1g@devhub.com,Male,87.44.30.66
54,Ulberto,Strick,ustrick1h@joomla.org,Male,150.202.25.140
55,Meghan,Doore,mdoore1i@mit.edu,Female,224.240.50.74
56,Annie,Mackett,amackett1j@jalbum.net,Agender,51.98.163.20
57,Leanna,Bartoszek,lbartoszek1k@berkeley.edu,Female,130.192.43.187
58,Jarrid,Goldster,jgoldster1l@moonfruit.com,Bigender,184.199.66.66
59,Chrissy,Craft,ccraft1m@reference.com,Male,62.190.168.99
60,Cris,Deedes,cdeedes1n@microsoft.com,Genderqueer,55.116.205.34
61,Haley,Giacopetti,hgiacopetti1o@yandex.ru,Male,116.7.190.118
62,Torr,Challinor,tchallinor1p@g.co,Male,130.131.89.161
63,Marty,Fletcher,mfletcher1q@hexun.com,Polygender,176.94.227.135
64,Rhonda,Sendall,rsendall1r@desdev.cn,Female,253.5.64.56
65,Thedric,Elphee,telphee1s@thetimes.co.uk,Male,187.132.149.207
66,Benjy,Attkins,battkins1t@upenn.edu,Male,0.216.2.85
67,Ulric,Oxnam,uoxnam1u@mozilla.com,Male,97.94.91.58
68,Cordie,Clift,cclift1v@angelfire.com,Female,75.152.6.219
69,Gradeigh,Georger,ggeorger1w@globo.com,Male,167.49.210.86
70,Ely,Lodewick,elodewick1x@ow.ly,Male,119.102.72.109
71,Angelico,Stacy,astacy1y@auda.org.au,Male,136.69.76.35
72,Brear,Semorad,bsemorad1z@freewebs.com,Genderfluid,182.28.151.0
73,Karlan,Heaslip,kheaslip20@nature.com,Male,63.24.27.124
74,Joni,Reightley,jreightley21@uiuc.edu,Female,79.112.9.61
75,Rosamund,Espinay,respinay22@uiuc.edu,Female,231.2.121.199
76,Hillard,Verey,hverey23@newyorker.com,Male,108.109.254.18
77,Rhea,Sollett,rsollett24@businesswire.com,Female,204.80.58.85
78,Cassie,Merryfield,cmerryfield25@dropbox.com,Genderqueer,34.71.168.227
79,Orland,Sauvage,osauvage26@tamu.edu,Male,224.115.165.176
80,Rufus,Eloi,reloi27@jiathis.com,Non-binary,233.233.181.159
81,Raddy,Abramovitz,rabramovitz28@go.com,Male,107.41.47.86
82,Raphael,Camelli,rcamelli29@google.co.uk,Male,218.193.113.46
83,Janene,Osipenko,josipenko2a@amazon.com,Female,171.217.18.244
84,Rod,Saw,rsaw2b@nba.com,Male,115.243.84.147
85,Debbi,Kelley,dkelley2c@myspace.com,Female,97.128.99.155
86,Rycca,Sighard,rsighard2d@loc.gov,Female,216.63.152.248
87,Chrisse,Leynton,cleynton2e@loc.gov,Genderqueer,123.0.121.112
88,Averil,Towns,atowns2f@uiuc.edu,Female,156.11.225.20
89,Gerek,Dyment,gdyment2g@youku.com,Male,180.208.41.21
90,Clem,Collinge,ccollinge2h@princeton.edu,Female,86.125.169.199
91,Eachelle,Tomlin,etomlin2i@tiny.cc,Female,73.96.146.15
92,Martie,Josefowicz,mjosefowicz2j@salon.com,Male,220.156.97.225
93,Kaycee,Verlander,kverlander2k@archive.org,Female,208.208.189.31
94,Ame,Burkitt,aburkitt2l@tinypic.com,Female,234.145.194.112
95,Drugi,Pietruszka,dpietruszka2m@1und1.de,Male,36.200.249.184
96,Arvie,Ketch,aketch2n@comcast.net,Male,211.160.120.13
97,Queenie,Bilfoot,qbilfoot2o@dailymotion.com,Female,2.217.250.127
98,Terry,Volonte,tvolonte2p@pbs.org,Male,57.206.109.118
99,Aurelia,Titford,atitford2q@dagondesign.com,Female,93.202.186.206
100,Rudolfo,Aguirrezabala,raguirrezabala2r@mtv.com,Male,229.60.42.99
101,Maggie,Duckham,mduckham2s@mapquest.com,Female,7.66.156.43
102,Harlen,Checcucci,hcheccucci2t@ezinearticles.com,Male,123.119.213.156
103,Finley,Taborre,ftaborre2u@gmpg.org,Male,69.10.235.99
104,Claudianus,Burge,cburge2v@intel.com,Male,255.100.245.188
105,Sadye,Marmyon,smarmyon2w@spiegel.de,Female,239.22.121.193
106,Amabelle,Anyon,aanyon2x@yolasite.com,Female,38.155.112.253
107,Riordan,Currie,rcurrie2y@sohu.com,Male,11.46.171.152
108,Ezmeralda,Swancott,eswancott2z@chron.com,Female,173.180.146.9
109,Edna,Haslock(e),ehaslocke30@theguardian.com,Female,96.82.250.31
110,Rosita,Grenville,rgrenville31@wsj.com,Female,27.48.64.167
111,Amabelle,Di Franceshci,adifranceshci32@4shared.com,Genderfluid,75.125.138.250
112,Renate,Eccott,reccott33@addthis.com,Female,53.160.124.108
113,Nichols,Dabrowski,ndabrowski34@nba.com,Male,148.149.63.15
114,Niels,Nimmo,nnimmo35@umn.edu,Male,251.76.156.75
115,Bax,Flament,bflament36@mediafire.com,Male,34.17.141.77
116,Gaynor,Tofanini,gtofanini37@phpbb.com,Female,226.148.197.3
117,Humfrey,Summerfield,hsummerfield38@dailymotion.com,Male,117.49.142.128
118,Diane,Bramhall,dbramhall39@ucla.edu,Female,121.104.201.162
119,Bekki,Getch,bgetch3a@skype.com,Genderfluid,24.214.224.7
120,Earvin,Fairclough,efairclough3b@furl.net,Male,194.106.119.137
121,Culver,Keats,ckeats3c@latimes.com,Bigender,108.98.31.249
122,Fabien,Whall,fwhall3d@thetimes.co.uk,Male,200.206.6.99
123,Padraic,Malham,pmalham3e@slate.com,Male,180.164.166.13
124,Tan,Reedyhough,treedyhough3f@tmall.com,Male,131.121.180.136
125,Amargo,Gooble,agooble3g@yandex.ru,Female,31.195.4.141
126,Faber,McPeice,fmcpeice3h@twitpic.com,Male,191.174.218.59
127,Johann,Bachura,jbachura3i@mail.ru,Male,228.76.223.135
128,Giff,Studdal,gstuddal3j@java.com,Male,152.25.18.112
129,Ranique,Vian,rvian3k@businessweek.com,Female,52.55.201.11
130,Wayland,Kleiner,wkleiner3l@mail.ru,Male,24.64.114.197
131,Agnola,MacIan,amacian3m@va.gov,Agender,235.136.131.212
132,Morey,Shackesby,mshackesby3n@woothemes.com,Male,162.18.164.131
133,Minta,Danilchenko,mdanilchenko3o@yahoo.co.jp,Female,157.211.100.42
134,Britta,Bril,bbril3p@tinypic.com,Female,196.157.202.232
135,Jone,Stennine,jstennine3q@google.co.jp,Male,62.130.231.205
136,Franklyn,Westall,fwestall3r@a8.net,Male,64.116.147.212
137,Ursula,Oswell,uoswell3s@homestead.com,Female,120.84.37.19
138,Hy,Margrem,hmargrem3t@cargocollective.com,Male,35.189.211.173
139,Llywellyn,Furlonge,lfurlonge3u@boston.com,Male,22.114.101.181
140,Nadean,Lavalle,nlavalle3v@hubpages.com,Female,16.112.185.226
141,Lew,McKeowon,lmckeowon3w@gov.uk,Male,229.117.45.11
142,Dana,Merrick,dmerrick3x@sogou.com,Male,28.45.183.193
143,Marianne,Westoff,mwestoff3y@icio.us,Female,25.72.154.48
144,Bren,Keilloh,bkeilloh3z@google.com,Male,139.69.199.115
145,Norrie,Sparey,nsparey40@dagondesign.com,Male,121.23.103.165
146,Erik,Skeermor,eskeermor41@is.gd,Male,248.181.110.29
147,Linn,Hirsthouse,lhirsthouse42@state.gov,Male,236.163.107.149
148,Victor,Macci,vmacci43@arstechnica.com,Male,60.111.156.31
149,Udall,Branford,ubranford44@addtoany.com,Male,98.80.62.33
150,Rebekah,Fattorini,rfattorini45@bloomberg.com,Female,216.44.131.15
151,Hersch,Gossart,hgossart46@home.pl,Male,166.61.87.2
152,Noak,Drummond,ndrummond47@over-blog.com,Male,126.26.80.53
153,Ulrikaumeko,Gristhwaite,ugristhwaite48@photobucket.com,Female,232.212.54.163
154,Martyn,Cleeves,mcleeves49@unicef.org,Agender,67.246.41.187
155,Justina,Elen,jelen4a@creativecommons.org,Female,76.140.129.168
156,Chad,Lemmon,clemmon4b@devhub.com,Polygender,10.183.65.199
157,Cad,Bustard,cbustard4c@prnewswire.com,Male,104.158.247.155
158,Casi,Pettitt,cpettitt4d@uiuc.edu,Female,197.173.195.18
159,Bailey,Penwright,bpenwright4e@disqus.com,Genderqueer,148.236.118.69
160,Marcus,Iwanicki,miwanicki4f@reuters.com,Agender,218.72.50.40
161,Wendy,Bright,wbright4g@cnbc.com,Female,126.181.204.154
162,Martynne,Penni,mpenni4h@360.cn,Female,37.235.16.119
163,Cordie,Brafferton,cbrafferton4i@mayoclinic.com,Female,140.198.221.80
164,Gilberta,Melwall,gmelwall4j@npr.org,Female,209.223.12.124
165,Ware,Nenci,wnenci4k@ca.gov,Male,135.120.6.180
166,Marquita,Pitway,mpitway4l@epa.gov,Female,70.154.139.253
167,Faulkner,Pirazzi,fpirazzi4m@miibeian.gov.cn,Male,42.8.174.133
168,Carlin,Fawdrie,cfawdrie4n@pagesperso-orange.fr,Female,89.161.61.242
169,Chico,Pullen,cpullen4o@tripod.com,Male,85.142.140.215
170,Bobbee,Shilliday,bshilliday4p@hao123.com,Female,200.5.234.200
171,Maribel,Pike,mpike4q@loc.gov,Female,75.47.64.254
172,Eduard,Cortes,ecortes4r@live.com,Male,194.126.232.206
173,Joyan,Pickavance,jpickavance4s@pinterest.com,Female,208.165.87.108
174,Geoffrey,Buard,gbuard4t@webs.com,Non-binary,208.186.12.117
175,Free,Detheridge,fdetheridge4u@redcross.org,Male,99.35.199.59
176,Adham,Brittain,abrittain4v@nytimes.com,Male,75.190.169.165
177,Ugo,Mapson,umapson4w@netvibes.com,Male,154.142.100.97
178,Anthia,Polendine,apolendine4x@over-blog.com,Female,82.123.107.244
179,Selig,Manketell,smanketell4y@latimes.com,Male,46.102.18.244
180,Tab,Bracci,tbracci4z@china.com.cn,Male,82.40.177.165
181,Leif,Baulch,lbaulch50@rambler.ru,Male,165.18.152.18
182,Gus,Philliphs,gphilliphs51@clickbank.net,Female,169.136.51.8
183,Rafaelita,Worviell,rworviell52@weather.com,Female,160.197.187.129
184,Danna,Camillo,dcamillo53@amazonaws.com,Female,230.192.195.159
185,Page,Tilmouth,ptilmouth54@blogs.com,Male,102.111.215.41
186,Gallard,Gath,ggath55@blogtalkradio.com,Male,253.166.208.220
187,Hewet,Cisar,hcisar56@mozilla.com,Male,15.102.144.181
188,Leanora,Rubinfajn,lrubinfajn57@imageshack.us,Female,28.123.34.99
189,Caron,Standish-Brooks,cstandishbrooks58@vk.com,Female,165.243.145.121
190,Aeriela,Guitel,aguitel59@alexa.com,Female,114.15.214.133
191,Loleta,Laybourn,llaybourn5a@seattletimes.com,Female,41.34.174.177
192,Heddi,Leathem,hleathem5b@psu.edu,Female,97.25.169.38
193,Bobbie,Pfeuffer,bpfeuffer5c@jigsy.com,Female,138.82.8.232
194,Jareb,Luberto,jluberto5d@imdb.com,Male,9.218.128.219
195,Mela,Spiniello,mspiniello5e@imageshack.us,Female,95.75.226.62
196,Inglis,Dorant,idorant5f@marriott.com,Bigender,0.253.90.179
197,Christoforo,Galpin,cgalpin5g@cnbc.com,Male,192.131.71.102
198,Issy,Eddington,ieddington5h@geocities.com,Female,50.139.38.68
199,Renault,Swett,rswett5i@youtube.com,Male,179.167.151.66
200,Elset,Inglese,einglese5j@pagesperso-orange.fr,Female,157.157.227.146
201,Gorden,Laimable,glaimable5k@bbc.co.uk,Male,148.218.55.107
202,Anabella,Dashkovich,adashkovich5l@sciencedirect.com,Female,90.116.27.222
203,Fancie,Rendle,frendle5m@wordpress.org,Female,42.86.90.52
204,Anson,Healey,ahealey5n@domainmarket.com,Male,238.235.55.51
205,Eolande,McShea,emcshea5o@mapy.cz,Female,128.71.140.155
206,Danni,Cudby,dcudby5p@google.de,Female,144.227.162.83
207,Glynn,Eckley,geckley5q@bbc.co.uk,Male,180.145.247.17
208,Elvyn,Leehane,eleehane5r@nifty.com,Male,232.38.193.56
209,Karleen,Cleveley,kcleveley5s@nyu.edu,Female,18.0.118.138
210,Oona,Beatens,obeatens5t@nsw.gov.au,Non-binary,151.164.79.91
211,Sigfrid,Bedson,sbedson5u@gnu.org,Male,127.158.71.36
212,Ingelbert,Moorman,imoorman5v@woothemes.com,Male,124.100.115.8
213,Ina,Frackiewicz,ifrackiewicz5w@sogou.com,Female,154.237.22.73
214,Mehetabel,Bulch,mbulch5x@goodreads.com,Female,103.238.172.161
215,Janey,Broom,jbroom5y@psu.edu,Female,189.52.122.86
216,Robby,Scotts,rscotts5z@squidoo.com,Female,165.64.11.153
217,Eward,Akram,eakram60@unblog.fr,Male,91.237.161.39
218,Celle,Hunnawill,chunnawill61@un.org,Female,152.82.239.65
219,Aarika,Boulder,aboulder62@goo.ne.jp,Polygender,182.153.52.105
220,Salvador,Reignolds,sreignolds63@shop-pro.jp,Male,110.107.171.177
221,Hynda,Arendt,harendt64@4shared.com,Female,146.135.24.73
222,Adria,Ottley,aottley65@deviantart.com,Female,73.23.204.124
223,Diarmid,Champagne,dchampagne66@noaa.gov,Male,221.134.150.143
224,Tracy,Fisby,tfisby67@twitter.com,Genderfluid,119.238.200.98
225,Jedidiah,Jarrard,jjarrard68@mlb.com,Male,160.105.78.185
226,Corey,Linster,clinster69@hhs.gov,Male,183.69.126.253
227,Eachelle,Sasser,esasser6a@tiny.cc,Female,213.6.251.137
228,Justin,Batchelour,jbatchelour6b@businesswire.com,Male,49.166.110.17
229,Curtis,Spellicy,cspellicy6c@nytimes.com,Male,6.224.203.4
230,Lindsey,Carbry,lcarbry6d@noaa.gov,Female,251.133.99.72
231,Leonidas,Brodeau,lbrodeau6e@home.pl,Male,114.14.198.118
232,Kitti,Gaywood,kgaywood6f@myspace.com,Female,45.203.22.140
233,Christoffer,Kacheler,ckacheler6g@twitter.com,Male,190.70.126.101
234,Stillman,Biles,sbiles6h@webeden.co.uk,Male,63.200.248.22
235,Marianne,Larcombe,mlarcombe6i@de.vu,Female,77.52.56.246
236,Stefano,Gandey,sgandey6j@wikispaces.com,Male,184.165.2.23
237,Marcelle,Amiable,mamiable6k@cpanel.net,Female,144.221.174.204
238,Horten,Kewzick,hkewzick6l@abc.net.au,Male,97.161.214.191
239,Constantin,Rodolphe,crodolphe6m@t.co,Male,133.126.79.172
240,Cthrine,Formigli,cformigli6n@biblegateway.com,Female,217.190.9.92
241,Siegfried,Putson,sputson6o@privacy.gov.au,Male,5.14.53.157
242,Geraldine,Tribe,gtribe6p@sfgate.com,Female,237.142.201.72
243,Stevie,Westmacott,swestmacott6q@usnews.com,Male,133.187.122.10
244,Correy,Auger,cauger6r@ebay.com,Male,80.24.22.247
245,Leese,Stivens,lstivens6s@scribd.com,Non-binary,41.128.0.185
246,Lamar,Cast,lcast6t@dailymotion.com,Male,107.100.30.132
247,Hulda,Douch,hdouch6u@123-reg.co.uk,Female,143.235.209.89
248,Jeffrey,Horrigan,jhorrigan6v@cnn.com,Genderqueer,20.67.228.44
249,Daffy,Balnaves,dbalnaves6w@nyu.edu,Female,111.138.146.165
250,Port,Andrzejczak,pandrzejczak6x@multiply.com,Male,43.239.44.88
251,Wilbur,Metham,wmetham6y@imgur.com,Male,49.58.51.125
252,Irina,Klima,iklima6z@slate.com,Female,252.115.219.32
253,Basia,Whiting,bwhiting70@amazonaws.com,Female,166.244.105.60
254,Ginelle,Gowar,ggowar71@addtoany.com,Female,41.13.223.209
255,Ursola,Hector,uhector72@example.com,Female,79.185.241.96
256,Yorke,Brun,ybrun73@apple.com,Male,131.190.18.168
257,Nap,Bruckenthal,nbruckenthal74@webeden.co.uk,Male,63.219.18.246
258,Wadsworth,Scemp,wscemp75@mlb.com,Male,149.38.198.227
259,Claudelle,Raithmill,craithmill76@g.co,Female,206.204.168.72
260,Dietrich,Collum,dcollum77@soup.io,Male,132.76.225.142
261,Carmen,Kerfoot,ckerfoot78@cafepress.com,Female,165.181.235.224
262,Ernesto,Goldsby,egoldsby79@prnewswire.com,Male,64.108.55.4
263,Auguste,Ungerechts,aungerechts7a@ebay.com,Female,105.26.170.131
264,Nissy,Carder,ncarder7b@bravesites.com,Female,82.79.211.117
265,Lewie,O'Heneghan,loheneghan7c@pbs.org,Male,110.170.121.11
266,Asher,O'Duggan,aoduggan7d@friendfeed.com,Male,220.150.222.55
267,Lauretta,Skeeles,lskeeles7e@narod.ru,Female,95.69.74.248
268,Claudie,Matous,cmatous7f@deviantart.com,Female,241.182.55.173
269,Vivyan,Offener,voffener7g@constantcontact.com,Female,49.227.95.211
270,Barnebas,Fallowes,bfallowes7h@nyu.edu,Male,48.108.222.192
271,Hedy,Jorez,hjorez7i@digg.com,Female,77.216.129.212
272,Eamon,Pavlitschek,epavlitschek7j@cnbc.com,Male,61.38.158.70
273,Stillman,Cotterrill,scotterrill7k@accuweather.com,Male,129.254.105.157
274,Odilia,Llewelyn,ollewelyn7l@army.mil,Female,68.125.145.62
275,Rancell,Anthes,ranthes7m@ft.com,Male,197.21.200.43
276,Katey,Milkins,kmilkins7n@illinois.edu,Female,58.15.59.20
277,Billie,Emsden,bemsden7o@furl.net,Male,142.246.159.34
278,Norbert,Purcer,npurcer7p@reference.com,Male,181.148.217.19
279,Latrena,Overal,loveral7q@ovh.net,Female,192.254.49.7
280,Timothy,Kinnerley,tkinnerley7r@imdb.com,Male,116.163.96.98
281,Mic,Blazey,mblazey7s@ovh.net,Male,52.229.67.244
282,Katya,Harp,kharp7t@sun.com,Female,79.161.130.208
283,Anastasia,Dutson,adutson7u@newsvine.com,Female,21.13.162.87
284,Dane,Rickford,drickford7v@nba.com,Male,247.50.9.113
285,Yettie,Somerled,ysomerled7w@jalbum.net,Female,240.203.244.158
286,Lyman,McClory,lmcclory7x@free.fr,Male,20.228.42.144
287,Zandra,Muxworthy,zmuxworthy7y@yelp.com,Female,229.92.162.99
288,Sumner,Margerison,smargerison7z@hubpages.com,Male,48.144.215.199
289,Emlyn,de Guise,edeguise80@intel.com,Male,215.24.36.24
290,Bertina,Alvarado,balvarado81@elpais.com,Female,144.206.86.23
291,Bernelle,Vedyashkin,bvedyashkin82@usda.gov,Female,203.127.237.170
292,Sig,Dumblton,sdumblton83@infoseek.co.jp,Male,102.224.85.251
293,Jana,Joddens,jjoddens84@hubpages.com,Non-binary,158.82.208.93
294,Quincey,Bassingden,qbassingden85@clickbank.net,Male,65.38.156.145
295,Laural,Botley,lbotley86@tuttocitta.it,Female,109.26.85.123
296,Andras,Vick,avick87@t.co,Male,127.164.25.156
297,Cyrillus,Aleixo,caleixo88@paginegialle.it,Male,163.250.110.241
298,Davide,Tourry,dtourry89@ox.ac.uk,Male,205.216.161.202
299,Brucie,Stower,bstower8a@cbsnews.com,Male,18.157.194.101
300,Jo-anne,Arthur,jarthur8b@oracle.com,Female,4.192.228.117
301,Boycey,Clemo,bclemo8c@ustream.tv,Male,206.95.137.61
302,Quillan,Gorger,qgorger8d@spiegel.de,Male,89.34.51.226
303,Kean,Limb,klimb8e@chronoengine.com,Male,195.224.166.228
304,Drucie,Pilmoor,dpilmoor8f@bandcamp.com,Genderfluid,145.56.151.134
305,Ettie,Flintuff,eflintuff8g@vinaora.com,Female,44.50.73.59
306,Arch,Durran,adurran8h@so-net.ne.jp,Male,70.161.15.176
307,Waverley,Edel,wedel8i@comcast.net,Male,7.177.89.164
308,Wiatt,Blunsen,wblunsen8j@ox.ac.uk,Male,2.205.16.140
309,Justin,Rustedge,jrustedge8k@networkadvertising.org,Male,249.10.23.198
310,Brynne,Lummis,blummis8l@phpbb.com,Female,138.22.76.167
311,Craggy,Ruperti,cruperti8m@privacy.gov.au,Male,197.131.196.96
312,Paulie,Spacie,pspacie8n@umn.edu,Bigender,25.219.175.213
313,Vlad,Blenkensop,vblenkensop8o@globo.com,Male,235.95.132.23
314,Cleveland,Jaggar,cjaggar8p@usatoday.com,Male,107.200.243.197
315,Melisenda,Allsopp,mallsopp8q@mac.com,Female,61.159.61.132
316,Lyell,Chate,lchate8r@dell.com,Genderqueer,118.79.45.167
317,Rycca,Miliffe,rmiliffe8s@qq.com,Female,115.17.31.21
318,Cilka,Samworth,csamworth8t@theglobeandmail.com,Female,241.93.45.190
319,Jehu,Hutable,jhutable8u@mail.ru,Male,96.75.91.120
320,Barr,Champneys,bchampneys8v@netlog.com,Male,138.57.42.4
321,Rinaldo,Kliemke,rkliemke8w@va.gov,Male,5.28.9.134
322,Les,Cominoli,lcominoli8x@dailymotion.com,Agender,175.8.62.93
323,Katerine,Tarren,ktarren8y@webs.com,Female,185.34.102.106
324,Cristy,Jaeggi,cjaeggi8z@miitbeian.gov.cn,Female,129.135.85.233
325,Cy,Scaddon,cscaddon90@google.de,Male,178.92.198.19
326,Lalo,Kennally,lkennally91@marketwatch.com,Male,140.100.124.143
327,Carmel,Horder,chorder92@wikimedia.org,Female,229.182.16.149
328,Karina,Asaaf,kasaaf93@hubpages.com,Genderqueer,108.85.188.56
329,Christabella,Colborn,ccolborn94@miitbeian.gov.cn,Female,219.208.160.85
330,Erskine,Wagstaffe,ewagstaffe95@mtv.com,Male,101.46.159.37
331,Geordie,Paulley,gpaulley96@posterous.com,Male,161.251.140.48
332,Sherry,Shufflebotham,sshufflebotham97@sun.com,Female,108.29.177.90
333,Killian,Rosina,krosina98@plala.or.jp,Male,224.113.159.199
334,Arny,Monaghan,amonaghan99@paginegialle.it,Genderfluid,73.133.31.184
335,Carter,Eliaz,celiaz9a@yellowbook.com,Male,129.219.126.12
336,Estevan,Ollerenshaw,eollerenshaw9b@ucoz.ru,Male,221.98.79.169
337,Hermia,Duetschens,hduetschens9c@wp.com,Female,87.130.126.245
338,Bob,Lazell,blazell9d@mozilla.com,Male,162.2.36.125
339,Terese,Redbourn,tredbourn9e@vinaora.com,Female,180.124.251.255
340,Enrico,Gammons,egammons9f@about.me,Genderfluid,196.199.164.112
341,Daisi,Sweedy,dsweedy9g@mtv.com,Agender,183.201.133.217
342,Stanly,O'Gorman,sogorman9h@google.ca,Male,28.5.139.58
343,Rivalee,Dechelette,rdechelette9i@gizmodo.com,Female,205.50.30.212
344,Margarete,Cudworth,mcudworth9j@plala.or.jp,Female,186.200.181.185
345,Jorge,Reckus,jreckus9k@aboutads.info,Male,175.84.249.48
346,Herbie,Tongs,htongs9l@eepurl.com,Male,205.26.111.36
347,Dalila,Bradley,dbradley9m@123-reg.co.uk,Female,92.0.101.119
348,Moshe,Klugman,mklugman9n@dropbox.com,Male,173.83.112.224
349,Nissa,Pharoah,npharoah9o@usatoday.com,Female,6.81.12.162
350,Brooke,MacQueen,bmacqueen9p@edublogs.org,Male,151.130.99.75
351,Dunstan,Want,dwant9q@biglobe.ne.jp,Male,100.59.232.34
352,Murdoch,MacParland,mmacparland9r@deliciousdays.com,Male,99.227.178.58
353,Silvie,Toffetto,stoffetto9s@dagondesign.com,Female,84.92.205.169
354,Lowe,Draysey,ldraysey9t@vinaora.com,Male,5.187.124.44
355,Correy,Le Teve,cleteve9u@theglobeandmail.com,Male,114.190.242.104
356,Constance,McGlaughn,cmcglaughn9v@jigsy.com,Female,135.161.34.149
357,Dusty,Dallow,ddallow9w@china.com.cn,Female,55.112.108.108
358,Towny,Hovington,thovington9x@unicef.org,Male,10.219.240.71
359,Johnette,Drepp,jdrepp9y@webeden.co.uk,Female,60.57.119.211
360,Trula,Ciccotto,tciccotto9z@vinaora.com,Female,84.199.102.80
361,Harri,McGlynn,hmcglynna0@angelfire.com,Female,161.201.9.249
362,Radcliffe,Kobiela,rkobielaa1@skyrock.com,Male,63.5.182.21
363,Magnum,Lafferty,mlaffertya2@squarespace.com,Male,76.134.113.126
364,Brok,Hutchings,bhutchingsa3@nifty.com,Male,253.166.128.206
365,Curtice,Virr,cvirra4@earthlink.net,Male,201.173.161.158
366,Stephi,Darlington,sdarlingtona5@sfgate.com,Female,174.49.25.172
367,Thatcher,Clipson,tclipsona6@tripadvisor.com,Male,168.223.4.189
368,Emelita,Shedd,eshedda7@aboutads.info,Female,61.127.236.77
369,Jaclyn,Arnaud,jarnauda8@odnoklassniki.ru,Female,141.93.208.183
370,Linoel,Goatcher,lgoatchera9@netlog.com,Male,190.96.236.186
371,Joane,Mealand,jmealandaa@google.fr,Female,241.98.167.158
372,Christian,Doe,cdoeab@dailymotion.com,Female,195.239.235.15
373,Tyson,Birks,tbirksac@furl.net,Male,49.152.179.115
374,Karly,Frisdick,kfrisdickad@illinois.edu,Female,248.222.114.157
375,Dunstan,Roche,drocheae@w3.org,Male,224.95.68.255
376,Norrie,Povah,npovahaf@hubpages.com,Male,63.177.191.145
377,Cosimo,Astley,castleyag@soup.io,Male,80.101.247.112
378,Jarrod,Todari,jtodariah@tripod.com,Male,102.155.8.118
379,Garrot,Gouldbourn,ggouldbournai@lulu.com,Male,231.222.42.108
380,Demetri,Bachman,dbachmanaj@lycos.com,Male,129.82.235.139
381,Derk,Crysell,dcrysellak@ycombinator.com,Male,25.154.167.110
382,Brigg,Pethick,bpethickal@weibo.com,Male,239.119.124.38
383,Nate,Scarsbrooke,nscarsbrookeam@shop-pro.jp,Male,204.89.252.87
384,Enrique,Merrgan,emerrganan@deliciousdays.com,Male,40.177.144.45
385,Olenolin,O' Hanvey,oohanveyao@dot.gov,Male,251.233.159.89
386,Zachery,Algore,zalgoreap@sbwire.com,Male,40.53.190.195
387,Shell,Manuely,smanuelyaq@ezinearticles.com,Female,97.80.197.82
388,Lannie,Toll,ltollar@techcrunch.com,Male,171.254.246.166
389,Hermione,Bleackly,hbleacklyas@guardian.co.uk,Female,218.226.200.190
390,Berni,Theriot,btheriotat@scribd.com,Genderqueer,223.25.179.54
391,Torrin,Parrott,tparrottau@ucoz.com,Male,94.3.176.221
392,Ermanno,Stears,estearsav@about.com,Male,201.137.170.31
393,Thurston,Mantle,tmantleaw@boston.com,Male,24.88.214.175
394,Chiquita,Whilder,cwhilderax@eventbrite.com,Agender,175.240.81.94
395,Lise,Sex,lsexay@earthlink.net,Female,64.131.79.122
396,Stepha,Fulop,sfulopaz@so-net.ne.jp,Polygender,135.114.232.49
397,Sorcha,Rouch,srouchb0@census.gov,Female,125.161.62.192
398,Damita,Dacombe,ddacombeb1@imgur.com,Female,178.8.124.228
399,Benedetta,Summers,bsummersb2@mayoclinic.com,Female,14.227.167.36
400,Clari,Almak,calmakb3@wisc.edu,Female,68.28.139.63
401,Abran,De Benedictis,adebenedictisb4@edublogs.org,Male,29.114.21.20
402,Chantalle,Medcalf,cmedcalfb5@craigslist.org,Female,184.95.87.34
403,Sile,Potten,spottenb6@123-reg.co.uk,Female,116.96.41.240
404,Larina,Bailey,lbaileyb7@va.gov,Female,1.142.96.209
405,Rowen,Bessett,rbessettb8@dion.ne.jp,Male,192.157.46.34
406,Conn,Sherston,csherstonb9@ftc.gov,Male,185.27.120.44
407,Georgie,Goldhawk,ggoldhawkba@hhs.gov,Male,167.215.0.215
408,Phillis,Denyakin,pdenyakinbb@uiuc.edu,Female,159.37.237.228
409,Ario,Cabedo,acabedobc@icio.us,Male,215.138.124.107
410,Evonne,Macci,emaccibd@vkontakte.ru,Female,81.110.244.222
411,Sianna,Krabbe,skrabbebe@nasa.gov,Female,13.85.186.95
412,Murial,Farres,mfarresbf@army.mil,Female,198.220.74.108
413,Halsey,Donaghie,hdonaghiebg@posterous.com,Male,45.245.123.16
414,Dinah,Dowty,ddowtybh@opensource.org,Female,113.138.205.238
415,Myrta,Carrick,mcarrickbi@ameblo.jp,Bigender,91.5.165.55
416,Peirce,Lancetter,plancetterbj@ebay.co.uk,Male,89.36.59.218
417,Blake,Rafferty,braffertybk@so-net.ne.jp,Female,220.28.200.40
418,Rog,Landall,rlandallbl@cpanel.net,Male,114.191.46.72
419,Hermione,Gutierrez,hgutierrezbm@skype.com,Female,146.109.122.90
420,Cristy,Curnnokk,ccurnnokkbn@woothemes.com,Female,155.188.171.227
421,Lyell,Bengtson,lbengtsonbo@storify.com,Male,184.57.227.106
422,Ingra,Garment,igarmentbp@qq.com,Male,13.138.139.173
423,Olin,Ebbens,oebbensbq@epa.gov,Male,202.58.115.224
424,Tabbatha,Hamfleet,thamfleetbr@nih.gov,Female,78.187.243.86
425,Hanna,Brigdale,hbrigdalebs@adobe.com,Female,142.233.247.235
426,Joyann,Amdohr,jamdohrbt@dedecms.com,Female,40.30.80.65
427,Valerie,Tansill,vtansillbu@dyndns.org,Non-binary,119.249.17.25
428,Josepha,Jeans,jjeansbv@msn.com,Female,164.118.64.202
429,Maryann,Gregoriou,mgregorioubw@people.com.cn,Female,68.209.25.92
430,Hobey,Schwand,hschwandbx@instagram.com,Genderfluid,33.3.17.80
431,Hersh,Ackerley,hackerleyby@360.cn,Male,151.131.247.84
432,Darrell,O'Sherin,dosherinbz@cloudflare.com,Male,15.168.80.153
433,Austin,Archdeacon,aarchdeaconc0@godaddy.com,Male,13.180.95.10
434,Bud,Baldrick,bbaldrickc1@cornell.edu,Male,90.61.242.243
435,Kendrick,Treadger,ktreadgerc2@phoca.cz,Male,148.153.211.89
436,Chloette,Swalough,cswaloughc3@smh.com.au,Female,155.254.214.146
437,Celestina,Kinningley,ckinningleyc4@parallels.com,Female,183.10.37.60
438,Ches,Gritsaev,cgritsaevc5@google.com,Male,253.122.66.40
439,Essa,Holborn,eholbornc6@discovery.com,Female,235.92.145.100
440,Daisi,Shalcras,dshalcrasc7@facebook.com,Female,68.51.180.241
441,Buckie,Wolsey,bwolseyc8@timesonline.co.uk,Male,232.180.12.150
442,Prissie,Tall,ptallc9@indiatimes.com,Female,190.213.43.134
443,Lonni,Domeney,ldomeneyca@pinterest.com,Female,64.152.209.99
444,Steward,Barbrook,sbarbrookcb@instagram.com,Male,100.150.187.255
445,Allistir,McAneny,amcanenycc@oaic.gov.au,Male,211.41.192.32
446,Philbert,Croneen,pcroneencd@un.org,Bigender,52.7.135.117
447,Vaughn,Speir,vspeirce@lulu.com,Male,24.193.153.181
448,Frasquito,Frapwell,ffrapwellcf@uol.com.br,Male,223.70.75.83
449,Conney,Hosburn,chosburncg@friendfeed.com,Male,220.186.86.161
450,Ellynn,Kempston,ekempstonch@barnesandnoble.com,Female,101.11.27.84
451,Wolfgang,Jessel,wjesselci@nature.com,Male,252.206.108.48
452,Kevan,Gerasch,kgeraschcj@bigcartel.com,Male,230.165.65.97
453,Humberto,Brok,hbrokck@pinterest.com,Male,233.157.134.153
454,Monty,Oleszczak,moleszczakcl@upenn.edu,Male,195.9.27.117
455,Sancho,Sexten,ssextencm@nyu.edu,Male,198.241.252.193
456,Mathias,Meneux,mmeneuxcn@guardian.co.uk,Male,8.150.58.201
457,Shaine,Yesipov,syesipovco@comsenz.com,Female,164.98.87.156
458,Ikey,Gosnoll,igosnollcp@myspace.com,Male,42.26.201.23
459,Bard,Towson,btowsoncq@nydailynews.com,Agender,220.76.203.147
460,Florance,Fontell,ffontellcr@huffingtonpost.com,Female,52.78.87.37
461,Alidia,McKew,amckewcs@geocities.com,Female,99.203.4.55
462,Laurena,Fairtlough,lfairtloughct@epa.gov,Female,206.15.173.110
463,Gilles,Tuffield,gtuffieldcu@tinyurl.com,Male,43.130.118.240
464,Nessie,Fairburn,nfairburncv@purevolume.com,Female,75.225.115.42
465,Kingston,Bosden,kbosdencw@europa.eu,Male,203.104.34.231
466,Birk,Fanton,bfantoncx@yellowpages.com,Male,41.168.112.16
467,Cynde,Downage,cdownagecy@oracle.com,Female,212.0.169.73
468,Frank,Arendsen,farendsencz@sakura.ne.jp,Male,91.50.213.69
469,Robinson,Gudgin,rgudgind0@cbsnews.com,Male,66.196.203.82
470,Clerkclaude,Bradden,cbraddend1@plala.or.jp,Male,6.6.94.235
471,Gabbi,Philipsson,gphilipssond2@themeforest.net,Female,246.134.254.127
472,Cathe,Aslott,caslottd3@cbc.ca,Female,107.223.200.18
473,Hanan,Wreak,hwreakd4@jalbum.net,Male,97.121.138.174
474,Shadow,Reichhardt,sreichhardtd5@csmonitor.com,Male,85.151.85.65
475,Tabbi,Timoney,ttimoneyd6@sfgate.com,Female,116.206.212.50
476,Lenka,Prater,lpraterd7@indiatimes.com,Genderqueer,42.37.135.66
477,Dolorita,Tyrone,dtyroned8@wordpress.org,Female,66.95.42.241
478,Odie,Seeney,oseeneyd9@arizona.edu,Male,143.84.215.193
479,Robbie,Pridgeon,rpridgeonda@miibeian.gov.cn,Male,2.161.175.193
480,Addison,Thom,athomdb@etsy.com,Male,179.219.179.141
481,Natividad,Beszant,nbeszantdc@histats.com,Female,149.63.117.209
482,Burl,Learie,bleariedd@163.com,Male,236.144.131.58
483,Meridel,Postan,mpostande@cisco.com,Female,117.144.33.231
484,Randy,Asch,raschdf@storify.com,Bigender,114.94.54.255
485,Kimble,MacAllen,kmacallendg@networkadvertising.org,Male,254.253.196.249
486,Norrie,Full,nfulldh@webnode.com,Male,197.229.123.218
487,Sander,Lamberts,slambertsdi@slashdot.org,Male,111.242.33.180
488,Lindon,Evitts,levittsdj@constantcontact.com,Male,166.201.112.48
489,Yuma,Gianotti,ygianottidk@blogger.com,Male,21.87.59.106
490,Anne-corinne,Cunniffe,acunniffedl@list-manage.com,Female,124.123.228.15
491,Louise,Bryns,lbrynsdm@altervista.org,Female,23.250.52.190
492,Steffie,Butchart,sbutchartdn@feedburner.com,Genderfluid,10.153.37.197
493,Hieronymus,Kydde,hkyddedo@altervista.org,Male,158.40.183.66
494,Irvine,Kidds,ikiddsdp@nhs.uk,Male,160.10.206.22
495,Andres,Humphrys,ahumphrysdq@joomla.org,Male,69.74.143.137
496,Antonius,Bagge,abaggedr@google.pl,Male,100.83.67.74
497,Carina,Jacquest,cjacquestds@hostgator.com,Female,219.68.150.249
498,Nadine,Phillp,nphillpdt@tinypic.com,Bigender,180.147.139.21
499,Eugenius,Andrey,eandreydu@oracle.com,Non-binary,225.125.209.172
500,Abramo,Rosser,arosserdv@boston.com,Male,147.155.205.25
501,Wendye,Scottrell,wscottrelldw@bloglovin.com,Female,162.151.240.6
502,Gustavus,Tremoille,gtremoilledx@berkeley.edu,Male,136.36.120.249
503,Brigit,Johnke,bjohnkedy@mtv.com,Female,211.119.76.235
504,Trista,Petworth,tpetworthdz@intel.com,Female,42.60.228.183
505,Karla,Maynard,kmaynarde0@acquirethisname.com,Bigender,138.55.112.21
506,Rosana,Herion,rherione1@rambler.ru,Female,235.24.184.45
507,Babs,Creelman,bcreelmane2@twitpic.com,Female,45.244.242.165
508,Heall,Wickwar,hwickware3@si.edu,Male,187.191.35.159
509,Parsifal,McGovern,pmcgoverne4@acquirethisname.com,Polygender,101.152.116.163
510,Emilio,Newe,enewee5@ucoz.com,Male,102.49.153.122
511,Lorene,Seddon,lseddone6@earthlink.net,Female,253.57.192.250
512,Nola,Wakeman,nwakemane7@mtv.com,Female,55.255.92.219
513,Aloysia,Amaya,aamayae8@ft.com,Female,28.51.172.91
514,Rube,Ortzen,rortzene9@harvard.edu,Male,251.44.6.124
515,Sargent,Massinger,smassingerea@disqus.com,Male,214.154.37.205
516,Eba,Sommerled,esommerledeb@marketwatch.com,Female,209.180.193.129
517,Inez,Hawford,ihawfordec@chronoengine.com,Female,243.201.3.64
518,Preston,Dymidowicz,pdymidowiczed@ocn.ne.jp,Male,214.108.34.114
519,Stanleigh,Adess,sadessee@nyu.edu,Male,95.169.247.37
520,Guntar,Cake,gcakeef@xrea.com,Male,58.49.246.7
521,Suzette,Colleck,scolleckeg@last.fm,Female,101.104.227.238
522,Katya,Drewery,kdreweryeh@4shared.com,Female,39.99.113.22
523,Natale,Meth,nmethei@artisteer.com,Male,192.177.190.213
524,Josephine,Redan,jredanej@bloglovin.com,Female,69.119.162.15
525,Suki,Neiland,sneilandek@oakley.com,Female,103.249.251.62
526,Gabriello,Hansod,ghansodel@jalbum.net,Male,115.116.216.66
527,Iolande,Sorensen,isorensenem@godaddy.com,Female,226.176.179.216
528,Scarface,Housen,shousenen@exblog.jp,Male,38.84.121.109
529,Marijo,Attkins,mattkinseo@vk.com,Female,91.70.59.130
530,Moritz,McNeely,mmcneelyep@mozilla.com,Male,219.10.96.146
531,Alexine,Mattschas,amattschaseq@ox.ac.uk,Female,155.47.129.104
532,Erminie,Gavrieli,egavrielier@google.cn,Female,115.30.74.190
533,Freddy,Roose,froosees@macromedia.com,Female,128.186.238.119
534,Reta,Trevithick,rtrevithicket@biblegateway.com,Female,227.168.55.43
535,Sheelah,Robbert,srobberteu@bandcamp.com,Female,179.8.200.32
536,Nev,Villa,nvillaev@ed.gov,Male,203.242.33.182
537,Georgi,Daldan,gdaldanew@cdbaby.com,Male,123.251.49.34
538,Symon,Bowhay,sbowhayex@pen.io,Male,3.241.159.146
539,Theresa,Wyborn,twyborney@infoseek.co.jp,Female,197.121.170.3
540,Ludwig,Buzine,lbuzineez@latimes.com,Male,40.94.230.75
541,Kennett,Kleinpeltz,kkleinpeltzf0@adobe.com,Male,247.207.188.5
542,Illa,Maclean,imacleanf1@yahoo.com,Female,193.152.71.0
543,Mortimer,Jerzak,mjerzakf2@amazon.com,Male,249.10.159.151
544,Geno,Aizikovitz,gaizikovitzf3@yandex.ru,Male,78.186.248.66
545,Wyn,Kernaghan,wkernaghanf4@i2i.jp,Male,188.156.172.247
546,Stormi,Domenici,sdomenicif5@oracle.com,Female,172.67.228.170
547,Abdul,Gilhouley,agilhouleyf6@surveymonkey.com,Male,48.208.9.32
548,Rica,Nix,rnixf7@e-recht24.de,Female,115.229.229.144
549,Tillie,Vakhrushin,tvakhrushinf8@blinklist.com,Female,236.78.207.64
550,Goddart,Tinmouth,gtinmouthf9@google.nl,Male,55.141.203.68
551,Lenna,Bolzmann,lbolzmannfa@cbc.ca,Female,212.197.30.165
552,Patrica,Scrivenor,pscrivenorfb@newyorker.com,Female,158.132.144.187
553,Brianne,Hamshere,bhamsherefc@meetup.com,Female,252.5.16.183
554,Mable,Trengove,mtrengovefd@aol.com,Female,199.109.58.136
555,Bertina,Servis,bservisfe@imageshack.us,Female,207.126.136.98
556,Bruce,Lippi,blippiff@independent.co.uk,Non-binary,158.40.0.154
557,Krissy,Alans,kalansfg@squidoo.com,Female,39.100.4.168
558,Katya,Karpenko,kkarpenkofh@github.io,Female,199.79.222.219
559,Cullen,Frain,cfrainfi@economist.com,Male,215.114.19.109
560,Cynde,Roiz,croizfj@cbslocal.com,Female,3.60.82.245
561,Marten,Kesten,mkestenfk@sohu.com,Male,90.205.167.115
562,Petronia,Hyland,phylandfl@php.net,Female,182.253.125.13
563,Kippie,Gumly,kgumlyfm@is.gd,Genderqueer,23.128.27.78
564,Ingaborg,Bussell,ibussellfn@opensource.org,Female,221.148.104.154
565,Flori,Cousin,fcousinfo@aboutads.info,Female,142.77.185.125
566,Deni,MacCaghan,dmaccaghanfp@yolasite.com,Female,15.129.69.27
567,Amity,Simoncelli,asimoncellifq@mediafire.com,Female,88.254.28.153
568,Heinrick,Gomby,hgombyfr@yale.edu,Male,163.42.106.31
569,Cindie,Calladine,ccalladinefs@nasa.gov,Female,246.245.8.39
570,Bernadette,Orviss,borvissft@slashdot.org,Female,62.14.118.201
571,Lynett,Simanenko,lsimanenkofu@over-blog.com,Non-binary,142.168.49.6
572,Lyman,Guillem,lguillemfv@java.com,Genderqueer,190.48.33.90
573,Alic,Filkin,afilkinfw@fc2.com,Male,16.180.190.127
574,Jolie,Norledge,jnorledgefx@yale.edu,Female,142.75.219.67
575,Halsey,Mancell,hmancellfy@devhub.com,Male,51.192.253.114
576,Hilary,Barrus,hbarrusfz@etsy.com,Female,136.19.206.92
577,Hendrick,Hundell,hhundellg0@china.com.cn,Male,16.102.135.217
578,Allina,Coulling,acoullingg1@slate.com,Female,251.155.37.119
579,Clemmie,Colbertson,ccolbertsong2@dropbox.com,Female,41.109.21.161
580,Elyn,Cescoti,ecescotig3@bloglovin.com,Female,218.37.34.29
581,Lorens,Dimmne,ldimmneg4@ovh.net,Male,173.166.217.76
582,Chrysler,Thacker,cthackerg5@ibm.com,Female,81.120.81.44
583,Dorian,Grievson,dgrievsong6@cornell.edu,Male,17.91.6.211
584,Eba,Ivain,eivaing7@wordpress.com,Female,71.203.59.77
585,Frasier,Warboys,fwarboysg8@linkedin.com,Male,25.72.136.42
586,Nada,Bodimeade,nbodimeadeg9@accuweather.com,Female,204.96.123.1
587,Cally,Pearsey,cpearseyga@ehow.com,Female,128.6.108.49
588,Freddi,Zanettini,fzanettinigb@bandcamp.com,Female,175.109.45.112
589,Melinde,Gounel,mgounelgc@epa.gov,Female,112.226.61.226
590,Consuela,Stork,cstorkgd@hostgator.com,Polygender,103.192.146.183
591,Charline,Whyffen,cwhyffenge@newsvine.com,Female,45.140.122.240
592,Aluino,Nawton,anawtongf@sitemeter.com,Male,13.17.238.85
593,Gavin,Chaney,gchaneygg@nyu.edu,Agender,60.15.22.148
594,Herschel,Westoff,hwestoffgh@sciencedirect.com,Male,212.132.179.226
595,Shane,Trethowan,strethowangi@merriam-webster.com,Female,249.157.166.174
596,Warner,Braysher,wbrayshergj@wired.com,Male,168.188.31.189
597,Winfred,Gallo,wgallogk@deliciousdays.com,Male,101.92.36.43
598,Hugues,Dominetti,hdominettigl@un.org,Male,147.19.101.104
599,Osgood,Elverstone,oelverstonegm@google.fr,Male,242.36.188.224
600,Nataniel,Cristoforetti,ncristoforettign@google.com.br,Male,178.148.26.104
601,Ariel,Shewen,ashewengo@cbsnews.com,Male,148.10.21.161
602,Deonne,Van Eeden,dvaneedengp@theglobeandmail.com,Bigender,70.51.191.128
603,Laurie,Ganter,lgantergq@opensource.org,Male,20.139.79.22
604,Raye,Cattrall,rcattrallgr@parallels.com,Female,61.105.156.196
605,Flor,Ciobutaru,fciobutarugs@i2i.jp,Female,236.10.131.19
606,Megan,Widmoor,mwidmoorgt@vkontakte.ru,Female,223.232.97.154
607,Kenneth,Spink,kspinkgu@nifty.com,Male,206.199.148.241
608,Aksel,Boncoeur,aboncoeurgv@ezinearticles.com,Male,61.7.97.236
609,Carri,Flaherty,cflahertygw@sfgate.com,Female,76.228.82.83
610,Fredrika,Hubbart,fhubbartgx@springer.com,Female,242.12.43.64
611,Dottie,Burhouse,dburhousegy@clickbank.net,Female,210.51.103.217
612,Mommy,Ebbotts,mebbottsgz@wordpress.org,Agender,17.76.191.237
613,Skelly,Ewin,sewinh0@craigslist.org,Male,115.11.117.221
614,Bordie,Vassano,bvassanoh1@usnews.com,Male,137.22.87.102
615,Marven,Garett,mgaretth2@tinypic.com,Male,77.113.241.149
616,Dacy,Ferandez,dferandezh3@google.pl,Bigender,39.59.180.253
617,Domingo,Holdey,dholdeyh4@1688.com,Male,126.253.57.155
618,Even,Daw,edawh5@dagondesign.com,Male,61.210.40.206
619,Ettie,Senechault,esenechaulth6@technorati.com,Female,44.32.241.193
620,Justina,Jagg,jjaggh7@accuweather.com,Female,37.34.217.38
621,Norene,Freen,nfreenh8@jimdo.com,Female,58.141.12.56
622,Adey,Hogbin,ahogbinh9@scientificamerican.com,Agender,222.190.150.208
623,Kally,Winston,kwinstonha@google.it,Female,134.72.87.7
624,Shadow,Tarplee,starpleehb@berkeley.edu,Male,63.104.228.198
625,Marley,Bransden,mbransdenhc@flickr.com,Female,218.17.132.140
626,Mellicent,Carous,mcaroushd@ehow.com,Female,248.153.227.251
627,Sebastiano,Boness,sbonesshe@hubpages.com,Male,118.71.190.254
628,Nerty,Luno,nlunohf@upenn.edu,Female,5.206.189.38
629,Datha,Feasey,dfeaseyhg@zdnet.com,Female,12.61.113.63
630,Shermy,Mitford,smitfordhh@reddit.com,Male,36.93.190.184
631,Flossy,Cammidge,fcammidgehi@cnbc.com,Female,126.146.34.109
632,Joshia,Bourdis,jbourdishj@slate.com,Male,122.89.219.26
633,Faydra,Gadault,fgadaulthk@paginegialle.it,Agender,147.141.144.232
634,Alfons,Stead,asteadhl@drupal.org,Male,25.90.1.242
635,Forbes,Castan,fcastanhm@yale.edu,Male,94.28.68.226
636,Averil,Bonny,abonnyhn@cam.ac.uk,Male,194.3.68.50
637,Freddi,Auchterlonie,fauchterlonieho@netvibes.com,Female,40.56.197.129
638,Reba,Saynor,rsaynorhp@ucla.edu,Female,164.124.219.11
639,My,Meddings,mmeddingshq@moonfruit.com,Male,240.208.82.215
640,Artie,Nockells,anockellshr@opensource.org,Male,206.45.249.150
641,Hyacinthie,Inglefield,hinglefieldhs@auda.org.au,Female,230.62.252.179
642,Jessie,Schoenrock,jschoenrockht@bluehost.com,Female,66.255.122.50
643,Sal,Oiller,soillerhu@timesonline.co.uk,Female,134.65.241.221
644,Jamal,Clem,jclemhv@t.co,Male,243.60.80.106
645,Alard,Sheeres,asheereshw@geocities.com,Male,42.200.211.201
646,Alejandrina,Salvidge,asalvidgehx@yellowbook.com,Female,178.90.136.7
647,Kriste,Mazzia,kmazziahy@xinhuanet.com,Genderfluid,214.102.68.209
648,Gris,Ferrie,gferriehz@live.com,Male,94.8.244.128
649,Ave,Bolletti,abollettii0@psu.edu,Genderqueer,243.26.42.51
650,Gar,Gilford,ggilfordi1@blogtalkradio.com,Male,244.135.247.76
651,Tedi,Pechan,tpechani2@tuttocitta.it,Female,110.48.211.101
652,Darelle,Fullman,dfullmani3@cornell.edu,Female,92.67.121.134
653,Normand,Jeandot,njeandoti4@pbs.org,Agender,108.67.185.209
654,Joceline,Crocetto,jcrocettoi5@paypal.com,Female,113.65.83.9
655,Lewie,Filintsev,lfilintsevi6@zimbio.com,Male,150.142.40.66
656,Jamima,Dowbakin,jdowbakini7@umich.edu,Female,166.55.3.222
657,Jacklyn,Ben,jbeni8@thetimes.co.uk,Female,198.236.145.14
658,Temple,Orrum,torrumi9@ihg.com,Male,233.72.117.235
659,Temp,Oertzen,toertzenia@bloglovin.com,Non-binary,20.126.142.188
660,Mel,Blackaller,mblackallerib@cnbc.com,Male,11.167.56.150
661,Caz,Pellissier,cpellissieric@abc.net.au,Male,209.19.66.134
662,Laverna,Crebott,lcrebottid@newyorker.com,Female,92.84.140.201
663,Cammie,Patriche,cpatricheie@storify.com,Female,92.236.131.232
664,Yul,Seer,yseerif@gravatar.com,Male,145.158.251.100
665,Isabella,Gadman,igadmanig@hostgator.com,Female,254.97.124.45
666,Raffaello,McNickle,rmcnickleih@devhub.com,Male,170.75.215.109
667,Jonas,Wheeldon,jwheeldonii@elegantthemes.com,Male,179.56.195.118
668,Dal,Arminger,darmingerij@vinaora.com,Male,132.98.153.199
669,Luther,Lanston,llanstonik@geocities.jp,Male,119.108.114.166
670,Annabelle,Schnitter,aschnitteril@forbes.com,Genderfluid,106.197.96.45
671,Manda,Ainsley,mainsleyim@pbs.org,Female,94.40.216.139
672,Dolorita,Delacour,ddelacourin@123-reg.co.uk,Female,181.58.102.5
673,Jammal,de Vaen,jdevaenio@cyberchimps.com,Male,75.4.122.177
674,Andrus,Bellwood,abellwoodip@lycos.com,Male,14.82.115.217
675,Gregoire,Durban,gdurbaniq@flickr.com,Male,68.52.209.101
676,Nertie,Eakins,neakinsir@springer.com,Genderqueer,158.224.2.87
677,Granthem,Millichip,gmillichipis@cbc.ca,Male,127.229.251.27
678,Ignazio,Windross,iwindrossit@example.com,Male,122.160.38.191
679,Annemarie,Lawrey,alawreyiu@webnode.com,Female,140.6.5.150
680,Antin,Gorring,agorringiv@taobao.com,Male,134.185.92.154
681,Northrup,Nisbet,nnisbetiw@nifty.com,Male,56.184.37.43
682,Gaspard,Triner,gtrinerix@eepurl.com,Male,195.52.195.76
683,Klaus,Antonsen,kantonseniy@zdnet.com,Genderqueer,112.97.123.20
684,Paco,Allbon,pallboniz@cocolog-nifty.com,Male,93.222.173.217
685,Veronike,Nerney,vnerneyj0@ovh.net,Female,212.45.132.108
686,Karisa,Cours,kcoursj1@imdb.com,Female,86.46.61.43
687,Prescott,Hawe,phawej2@apple.com,Male,26.192.96.45
688,Samuel,Hicklingbottom,shicklingbottomj3@adobe.com,Male,199.142.138.234
689,Kelvin,Childers,kchildersj4@unicef.org,Male,109.205.237.81
690,Ragnar,Garrard,rgarrardj5@bigcartel.com,Male,150.54.58.57
691,Marysa,Heater,mheaterj6@ifeng.com,Female,157.133.147.149
692,Katrinka,Bendel,kbendelj7@google.fr,Female,131.194.62.23
693,Sonny,Woofenden,swoofendenj8@discuz.net,Male,155.236.31.163
694,Shannen,McMeyler,smcmeylerj9@shinystat.com,Genderqueer,254.149.233.5
695,Lilias,Laytham,llaythamja@webs.com,Female,78.146.112.100
696,Ronny,Thake,rthakejb@unicef.org,Male,33.3.206.134
697,Ambrose,Iacomi,aiacomijc@tinyurl.com,Genderfluid,18.1.163.247
698,Ally,Esseby,aessebyjd@nydailynews.com,Female,51.185.96.185
699,Daune,Winchcum,dwinchcumje@bloglovin.com,Female,175.177.145.252
700,Felipe,Lownds,flowndsjf@nps.gov,Male,121.117.16.209
701,Alfie,McKeran,amckeranjg@ask.com,Male,127.169.184.87
702,Sharline,Prudham,sprudhamjh@geocities.jp,Female,13.1.14.126
703,Khalil,Ahren,kahrenji@prnewswire.com,Male,55.223.141.65
704,Donnie,Kleynen,dkleynenjj@berkeley.edu,Male,9.39.225.184
705,Olivie,Rodinger,orodingerjk@globo.com,Female,205.30.118.162
706,Ashli,McDowell,amcdowelljl@g.co,Female,228.124.91.237
707,Tilda,Christer,tchristerjm@vimeo.com,Female,93.86.125.249
708,Sherman,Giggie,sgiggiejn@sohu.com,Male,154.203.202.179
709,Lazarus,Cameli,lcamelijo@taobao.com,Male,79.214.86.81
710,Atlanta,Doige,adoigejp@stumbleupon.com,Female,147.221.233.118
711,Ronna,Lofts,rloftsjq@uiuc.edu,Female,82.5.71.36
712,Barri,Bavester,bbavesterjr@vkontakte.ru,Male,195.68.76.166
713,Viole,Chantler,vchantlerjs@nhs.uk,Female,234.185.243.60
714,Brenna,Brody,bbrodyjt@ask.com,Genderfluid,175.246.148.160
715,Miner,Batting,mbattingju@ft.com,Male,168.193.64.193
716,Teddy,McLoughlin,tmcloughlinjv@biblegateway.com,Female,15.207.209.131
717,Wildon,Farthin,wfarthinjw@newyorker.com,Male,206.56.196.208
718,Kariotta,Butterley,kbutterleyjx@myspace.com,Non-binary,153.60.242.185
719,Harrie,Pull,hpulljy@sun.com,Female,191.5.60.202
720,Rhodia,Domenget,rdomengetjz@stumbleupon.com,Female,149.170.16.142
721,Emilie,Sawood,esawoodk0@japanpost.jp,Female,174.176.134.240
722,Kassie,Naptine,knaptinek1@nydailynews.com,Female,22.101.253.175
723,Feodora,Trengrove,ftrengrovek2@cbsnews.com,Female,111.48.181.83
724,Sharron,De Gregorio,sdegregoriok3@narod.ru,Female,191.233.207.41
725,Robena,Corradi,rcorradik4@google.ca,Genderqueer,33.132.186.5
726,Zahara,Ducarne,zducarnek5@redcross.org,Polygender,182.18.244.250
727,Normy,Schoular,nschoulark6@webnode.com,Male,142.66.113.170
728,Genvieve,Makinson,gmakinsonk7@flickr.com,Female,130.24.5.119
729,Boris,Tackett,btackettk8@pcworld.com,Male,3.100.241.6
730,Pinchas,Lippingwell,plippingwellk9@elpais.com,Male,221.231.224.94
731,Kennedy,Gorcke,kgorckeka@craigslist.org,Male,161.221.210.39
732,Mair,Catlow,mcatlowkb@pinterest.com,Female,52.139.106.230
733,Morlee,Twiggins,mtwigginskc@google.nl,Male,118.49.3.160
734,Erich,Nice,enicekd@xinhuanet.com,Male,195.239.240.247
735,Chris,Morritt,cmorrittke@omniture.com,Male,207.160.7.184
736,Gerrie,Linster,glinsterkf@ning.com,Male,129.163.171.165
737,Rowland,Beneteau,rbeneteaukg@ftc.gov,Male,196.192.77.76
738,Winifred,Vardey,wvardeykh@goo.gl,Female,108.226.150.201
739,Connie,Crossdale,ccrossdaleki@mtv.com,Female,100.28.19.3
740,Reuven,Hurndall,rhurndallkj@smugmug.com,Non-binary,240.75.58.253
741,Margarete,Chilcott,mchilcottkk@webnode.com,Female,103.163.15.150
742,Merline,MacRedmond,mmacredmondkl@istockphoto.com,Female,130.187.70.199
743,Emlyn,Bilsborrow,ebilsborrowkm@harvard.edu,Male,84.205.109.172
744,Desiri,Hartgill,dhartgillkn@timesonline.co.uk,Genderfluid,227.96.67.175
745,Evan,Thorpe,ethorpeko@google.com,Male,37.102.14.85
746,Caz,Axworthy,caxworthykp@microsoft.com,Male,146.6.91.60
747,Ev,Catanheira,ecatanheirakq@hexun.com,Male,232.154.200.101
748,Julian,Nesby,jnesbykr@bigcartel.com,Male,131.212.235.238
749,Ritchie,Knifton,rkniftonks@zimbio.com,Male,254.100.196.112
750,Patrizius,Ragat,pragatkt@ft.com,Male,99.189.18.229
751,Stinky,Hatcliffe,shatcliffeku@usda.gov,Male,66.59.96.237
752,Gus,Widdison,gwiddisonkv@mac.com,Female,40.171.166.101
753,Olympie,Fifield,ofifieldkw@jiathis.com,Female,151.123.8.204
754,Purcell,Paynton,ppayntonkx@baidu.com,Male,30.229.169.208
755,Salim,Paulley,spaulleyky@pbs.org,Male,25.4.118.142
756,Hersch,Roffey,hroffeykz@princeton.edu,Bigender,192.26.120.155
757,Tully,Toppas,ttoppasl0@timesonline.co.uk,Male,62.232.5.246
758,Georgena,Birrel,gbirrell1@surveymonkey.com,Female,233.22.183.63
759,Obie,Teall,otealll2@vkontakte.ru,Male,120.233.123.12
760,Marcela,Scrafton,mscraftonl3@reddit.com,Female,96.246.224.172
761,Tamas,Battey,tbatteyl4@moonfruit.com,Male,11.153.104.147
762,Rollie,Raith,rraithl5@tripod.com,Male,155.170.232.195
763,Lutero,Mouse,lmousel6@sakura.ne.jp,Male,233.166.25.190
764,Wernher,Guyot,wguyotl7@java.com,Male,241.158.119.75
765,Giusto,Clucas,gclucasl8@storify.com,Male,219.164.43.84
766,Palm,MacRannell,pmacrannelll9@free.fr,Male,19.57.225.14
767,Emmery,Dominey,edomineyla@chron.com,Male,152.149.96.1
768,Jaimie,Aisbett,jaisbettlb@java.com,Female,216.206.246.248
769,Olga,Prowting,oprowtinglc@weather.com,Female,42.89.71.24
770,Fanny,Hawkins,fhawkinsld@nasa.gov,Female,96.161.124.96
771,Haley,Cowle,hcowlele@harvard.edu,Male,146.143.180.95
772,Suki,Rising,srisinglf@google.co.jp,Female,121.229.164.240
773,Clemmie,Hedylstone,chedylstonelg@google.com.br,Genderqueer,198.19.33.51
774,Laverna,Strand,lstrandlh@pbs.org,Female,177.149.94.201
775,Dierdre,Baynard,dbaynardli@biglobe.ne.jp,Female,247.35.8.63
776,Goraud,Pimbley,gpimbleylj@webs.com,Male,80.39.145.241
777,Cully,Cossem,ccossemlk@oracle.com,Male,157.159.130.43
778,Richardo,Dibdale,rdibdalell@cbslocal.com,Male,175.243.230.141
779,Chip,Drugan,cdruganlm@livejournal.com,Bigender,240.18.91.195
780,Maximilian,Kingzeth,mkingzethln@altervista.org,Male,151.175.248.60
781,Vannie,Constantine,vconstantinelo@discovery.com,Female,212.231.76.170
782,Town,Kelloch,tkellochlp@ucla.edu,Male,20.111.231.61
783,Shaun,Eldershaw,seldershawlq@fda.gov,Female,188.179.253.84
784,Weider,Gilliam,wgilliamlr@altervista.org,Male,75.227.1.31
785,Dione,Baggally,dbaggallyls@jugem.jp,Female,39.95.251.166
786,Vlad,Castille,vcastillelt@multiply.com,Male,96.136.203.28
787,Sissie,Hainsworth,shainsworthlu@slideshare.net,Female,175.59.194.88
788,Cordy,Karpushkin,ckarpushkinlv@epa.gov,Female,19.147.92.189
789,Elwin,Provest,eprovestlw@hao123.com,Male,226.210.223.35
790,Angela,Verlander,averlanderlx@umich.edu,Female,178.2.41.137
791,Kimble,Ovell,kovellly@ed.gov,Male,220.86.32.103
792,Deirdre,Hessing,dhessinglz@dell.com,Female,229.40.231.85
793,Darb,Burchill,dburchillm0@twitpic.com,Genderfluid,109.243.136.240
794,Kore,Maffei,kmaffeim1@cornell.edu,Female,241.61.67.106
795,Victor,Rubury,vruburym2@npr.org,Male,83.246.81.140
796,Jehu,Vecard,jvecardm3@clickbank.net,Male,17.70.110.190
797,Gonzalo,Bicksteth,gbickstethm4@prnewswire.com,Male,48.129.11.144
798,Zach,Woodham,zwoodhamm5@multiply.com,Male,153.38.162.180
799,Ric,Laurisch,rlaurischm6@chicagotribune.com,Male,215.180.203.94
800,Francyne,Zanre,fzanrem7@hhs.gov,Female,18.2.79.43
801,Feliks,Lugg,fluggm8@jugem.jp,Polygender,99.77.114.177
802,Hendrika,Dyball,hdyballm9@umn.edu,Female,90.204.150.193
803,Adriano,Whittall,awhittallma@dailymail.co.uk,Male,130.161.24.147
804,Graig,Malenoir,gmalenoirmb@princeton.edu,Male,215.196.126.153
805,Berkeley,Pepperell,bpepperellmc@wiley.com,Male,108.233.226.241
806,Leif,McIlvenny,lmcilvennymd@cdc.gov,Male,120.171.137.138
807,Darell,Readhead,dreadheadme@vimeo.com,Female,101.130.162.98
808,Simone,Haylock,shaylockmf@hexun.com,Male,252.62.20.248
809,Lynnet,Plowes,lplowesmg@ted.com,Female,63.194.252.69
810,Toby,Scates,tscatesmh@virginia.edu,Male,27.198.190.211
811,Marice,Buttrick,mbuttrickmi@webs.com,Female,20.4.155.178
812,Wallie,Maddy,wmaddymj@yandex.ru,Female,226.100.169.5
813,Sherill,Bucksey,sbuckseymk@nyu.edu,Female,249.115.207.134
814,Neddy,Augie,naugieml@smugmug.com,Male,245.156.173.146
815,Tony,Malsher,tmalshermm@pcworld.com,Male,22.101.189.5
816,Carmela,Custance,ccustancemn@de.vu,Female,196.76.220.40
817,Melisenda,Cheake,mcheakemo@java.com,Bigender,8.44.123.225
818,Bancroft,Prigg,bpriggmp@squidoo.com,Male,175.229.66.5
819,Cullan,Crawley,ccrawleymq@seattletimes.com,Male,196.43.83.147
820,Matthias,Hew,mhewmr@wunderground.com,Male,43.209.172.245
821,Adaline,Gomme,agommems@csmonitor.com,Female,41.48.252.41
822,Timi,Deakin,tdeakinmt@paypal.com,Female,64.211.166.131
823,Eben,Ganny,egannymu@tuttocitta.it,Male,0.200.116.130
824,Tisha,Barnes,tbarnesmv@ibm.com,Polygender,72.243.144.147
825,Kimbell,Mosley,kmosleymw@imgur.com,Male,80.90.254.240
826,Shellie,Marder,smardermx@addtoany.com,Female,130.55.166.27
827,Grange,McFall,gmcfallmy@pcworld.com,Male,183.209.120.22
828,Desiri,Stack,dstackmz@wix.com,Female,57.241.115.48
829,Amandi,Murton,amurtonn0@desdev.cn,Female,139.212.210.175
830,Taber,Gautrey,tgautreyn1@infoseek.co.jp,Male,223.179.124.119
831,Neale,Foggo,nfoggon2@sakura.ne.jp,Male,202.11.131.178
832,Clarance,Geare,cgearen3@bloglines.com,Male,60.90.224.123
833,Caitrin,Cruxton,ccruxtonn4@google.co.uk,Female,201.242.98.112
834,Abbey,Pappin,apappinn5@irs.gov,Male,52.128.13.92
835,Theo,Leyborne,tleybornen6@hexun.com,Male,156.27.134.65
836,Trever,Course,tcoursen7@economist.com,Male,34.76.147.62
837,Rayshell,Blaes,rblaesn8@statcounter.com,Female,216.150.52.109
838,Tadd,Mungan,tmungann9@phpbb.com,Male,186.158.229.95
839,Edie,Stallworth,estallworthna@guardian.co.uk,Female,47.108.195.32
840,Svend,Southard,ssouthardnb@cbslocal.com,Male,92.7.30.200
841,Adelheid,Phuprate,aphupratenc@time.com,Female,245.90.195.134
842,Vinson,Legan,vlegannd@tinypic.com,Male,20.10.230.247
843,Laure,Baxter,lbaxterne@google.com.au,Agender,176.47.144.2
844,Chance,Juhruke,cjuhrukenf@mlb.com,Male,228.71.87.5
845,Nollie,Cubbini,ncubbining@tinyurl.com,Female,106.52.146.45
846,Gwyneth,Thunnercliff,gthunnercliffnh@umich.edu,Female,68.102.73.137
847,Renata,Cawdron,rcawdronni@nydailynews.com,Female,161.193.119.62
848,Forbes,Berthe,fberthenj@geocities.com,Male,1.220.23.85
849,Richmond,Verne,rvernenk@xinhuanet.com,Male,148.48.38.87
850,Chiquita,Munning,cmunningnl@sogou.com,Female,237.245.254.214
851,Wallache,Collcutt,wcollcuttnm@wikispaces.com,Male,121.3.234.88
852,Chauncey,Kenna,ckennann@cnbc.com,Male,94.4.209.39
853,Benedetto,Sola,bsolano@cdbaby.com,Male,182.192.30.15
854,Betty,Borrows,bborrowsnp@instagram.com,Female,195.9.113.89
855,Latia,Pettiward,lpettiwardnq@com.com,Female,217.25.182.211
856,Jordan,Aleswell,jaleswellnr@live.com,Male,186.25.65.118
857,Alanah,Percy,apercyns@cnbc.com,Female,82.2.142.117
858,Angel,Barents,abarentsnt@chicagotribune.com,Female,145.251.3.196
859,Lira,Babbage,lbabbagenu@boston.com,Female,250.246.80.163
860,Gottfried,Lanahan,glanahannv@goo.ne.jp,Male,106.222.159.77
861,Freddi,McRill,fmcrillnw@51.la,Female,227.215.128.41
862,Corbett,Gerckens,cgerckensnx@smh.com.au,Male,105.16.111.156
863,Jacklyn,Gath,jgathny@si.edu,Non-binary,189.155.218.218
864,Babara,Gierck,bgiercknz@eventbrite.com,Female,128.158.249.184
865,Tades,Polglaze,tpolglazeo0@google.nl,Male,86.215.130.194
866,Benedick,Luty,blutyo1@netlog.com,Male,29.90.96.51
867,Myranda,Rimington,mrimingtono2@archive.org,Female,133.40.114.56
868,Broderic,Trenbay,btrenbayo3@cbc.ca,Genderqueer,108.241.27.182
869,Ladonna,Brimblecomb,lbrimblecombo4@cocolog-nifty.com,Agender,175.186.12.102
870,Elisabet,McCurry,emccurryo5@phpbb.com,Female,44.247.107.213
871,Mair,Tithecote,mtithecoteo6@weather.com,Female,129.94.24.140
872,Orelee,Guiduzzi,oguiduzzio7@infoseek.co.jp,Female,239.10.122.163
873,Foster,Bradburne,fbradburneo8@alexa.com,Male,47.138.116.244
874,Haslett,Sneesbie,hsneesbieo9@alibaba.com,Male,119.193.135.40
875,Guillermo,Hewertson,ghewertsonoa@last.fm,Male,239.140.39.27
876,Stephan,Epgrave,sepgraveob@newsvine.com,Male,243.71.182.215
877,Pepi,Soar,psoaroc@arstechnica.com,Female,5.192.60.44
878,Cyrille,Royan,croyanod@zdnet.com,Male,89.217.79.91
879,Caldwell,Clipston,cclipstonoe@tamu.edu,Genderqueer,4.81.104.188
880,Betti,Naseby,bnasebyof@yellowpages.com,Female,229.137.204.118
881,Dominick,Bandy,dbandyog@blog.com,Male,212.121.104.236
882,Iona,Sword,iswordoh@google.com,Female,183.44.74.63
883,Barrie,Ivons,bivonsoi@buzzfeed.com,Female,166.127.5.67
884,Smith,Mander,smanderoj@elegantthemes.com,Male,215.61.55.152
885,Em,Gudgeon,egudgeonok@imgur.com,Genderfluid,220.157.225.153
886,Marcel,Grossier,mgrossierol@columbia.edu,Male,246.141.161.248
887,Elmer,Aust,eaustom@paypal.com,Agender,169.244.198.190
888,Davie,Knott,dknotton@domainmarket.com,Male,18.49.155.16
889,Harlan,Valdes,hvaldesoo@miibeian.gov.cn,Male,226.5.160.76
890,Randolph,Ravens,rravensop@youku.com,Male,213.61.79.254
891,Clyve,Challener,cchalleneroq@nbcnews.com,Male,77.186.20.41
892,L;urette,Beange,lbeangeor@tumblr.com,Non-binary,85.255.102.100
893,Benedikt,Fylan,bfylanos@bluehost.com,Male,226.148.171.240
894,Vladimir,Short,vshortot@nasa.gov,Male,178.188.14.60
895,Erik,Schrir,eschrirou@multiply.com,Male,151.103.198.184
896,Randie,Boydle,rboydleov@nifty.com,Male,131.158.91.127
897,Salvador,Whiten,swhitenow@liveinternet.ru,Male,106.176.107.235
898,Garrott,Ranger,grangerox@histats.com,Male,60.207.139.58
899,Chere,Ballinghall,cballinghalloy@shop-pro.jp,Bigender,35.36.169.163
900,Kelila,Renfield,krenfieldoz@youku.com,Female,177.75.221.108
901,Forest,Rivers,friversp0@sciencedaily.com,Male,27.10.2.148
902,Othello,Dowry,odowryp1@technorati.com,Male,139.8.99.102
903,Bobbie,Meineking,bmeinekingp2@github.com,Female,39.220.80.76
904,Red,Ableson,rablesonp3@hostgator.com,Male,164.184.109.162
905,Goraud,Kohrt,gkohrtp4@yandex.ru,Male,78.154.12.73
906,Nealson,Tinner,ntinnerp5@vinaora.com,Male,213.103.53.206
907,Dorise,Battison,dbattisonp6@ask.com,Female,52.81.250.246
908,Carissa,Bennit,cbennitp7@mashable.com,Female,237.254.250.19
909,Ester,Temperton,etempertonp8@storify.com,Female,10.149.86.110
910,Berri,Landsberg,blandsbergp9@amazon.com,Female,34.120.134.249
911,Andrej,Addess,aaddesspa@ed.gov,Male,200.196.38.171
912,Findley,Bourgaize,fbourgaizepb@printfriendly.com,Male,113.76.174.212
913,Melba,Danilchenko,mdanilchenkopc@hubpages.com,Female,241.188.41.65
914,Farlay,Pryde,fprydepd@sfgate.com,Male,47.200.99.84
915,Kassi,Pack,kpackpe@shareasale.com,Female,14.241.223.80
916,Flory,Mussard,fmussardpf@blogger.com,Male,43.143.126.159
917,Gerladina,Gegg,ggeggpg@ca.gov,Female,241.188.177.105
918,Farica,Manilo,fmaniloph@springer.com,Non-binary,7.50.144.50
919,Felita,Kendle,fkendlepi@unesco.org,Female,240.98.111.20
920,Jule,De Winton,jdewintonpj@marriott.com,Male,121.156.199.44
921,Mycah,Aylin,maylinpk@dedecms.com,Male,155.187.196.110
922,Morgen,Gowlett,mgowlettpl@ustream.tv,Male,122.89.194.236
923,Jillayne,Caren,jcarenpm@virginia.edu,Female,64.114.127.128
924,Timothy,Horrod,thorrodpn@bbc.co.uk,Male,60.247.15.37
925,Monroe,Ffoulkes,mffoulkespo@boston.com,Male,163.38.36.85
926,Gaston,Mose,gmosepp@nhs.uk,Male,158.168.26.10
927,Lilla,Swaisland,lswaislandpq@theguardian.com,Female,114.178.213.73
928,Jordan,Rollinshaw,jrollinshawpr@nba.com,Female,16.37.107.167
929,Jethro,Giamuzzo,jgiamuzzops@mozilla.org,Male,58.131.105.98
930,Wyndham,Bartolic,wbartolicpt@51.la,Male,38.189.21.205
931,Barnebas,Sturge,bsturgepu@craigslist.org,Male,135.202.192.160
932,Vernon,Edbrooke,vedbrookepv@sogou.com,Male,222.127.75.205
933,Amber,McCray,amccraypw@edublogs.org,Female,175.87.112.123
934,Estrellita,Perkis,eperkispx@comsenz.com,Female,228.106.232.55
935,Daveen,Edelheit,dedelheitpy@google.nl,Female,114.32.148.38
936,Hilton,Malatalant,hmalatalantpz@dailymail.co.uk,Male,69.94.121.129
937,Wald,Whitewood,wwhitewoodq0@time.com,Male,248.144.174.24
938,Barrie,Pimer,bpimerq1@whitehouse.gov,Genderfluid,213.112.225.54
939,Winifred,Tynnan,wtynnanq2@skyrock.com,Genderqueer,65.51.56.215
940,Noach,Amesbury,namesburyq3@cnn.com,Male,84.11.44.154
941,Jaquenetta,Skirven,jskirvenq4@squarespace.com,Female,113.0.119.211
942,Brien,Esslemont,besslemontq5@princeton.edu,Male,89.83.73.94
943,Dulcine,Frango,dfrangoq6@cbslocal.com,Female,23.214.223.172
944,Tabatha,Shepherd,tshepherdq7@prweb.com,Female,34.80.62.127
945,Reece,Lethibridge,rlethibridgeq8@aol.com,Male,73.143.44.202
946,Boycie,Ivakhin,bivakhinq9@wired.com,Male,129.97.55.143
947,Kristen,Mcwhinney,kmcwhinneyqa@cpanel.net,Female,164.139.214.3
948,Konrad,Christiensen,kchristiensenqb@angelfire.com,Non-binary,192.88.48.99
949,Sharlene,Middleditch,smiddleditchqc@nydailynews.com,Female,146.132.109.95
950,Shelby,Causon,scausonqd@delicious.com,Female,134.240.140.154
951,Aindrea,Doppler,adopplerqe@pagesperso-orange.fr,Female,146.191.241.40
952,Geraldine,Dorin,gdorinqf@google.com.au,Female,176.171.67.190
953,Luelle,Hillum,lhillumqg@icio.us,Female,82.79.108.148
954,Anna-diana,Senn,asennqh@squarespace.com,Female,244.14.166.0
955,West,Nelane,wnelaneqi@ebay.co.uk,Male,106.78.69.72
956,Geoffry,Proffer,gprofferqj@uol.com.br,Male,209.2.146.53
957,Bunny,McSporrin,bmcsporrinqk@nbcnews.com,Female,46.121.31.93
958,Tobi,Gwilliams,tgwilliamsql@tripod.com,Female,167.253.117.153
959,Peyton,Howsego,phowsegoqm@mayoclinic.com,Male,184.116.45.33
960,Dedra,Gutcher,dgutcherqn@is.gd,Female,162.201.204.65
961,Tobe,Misselbrook,tmisselbrookqo@photobucket.com,Male,234.77.55.170
962,Damon,Maylor,dmaylorqp@rediff.com,Male,96.173.166.141
963,Roxanne,Dennington,rdenningtonqq@nps.gov,Female,249.117.25.0
964,Kirk,Cushelly,kcushellyqr@scientificamerican.com,Male,217.68.171.232
965,Lalo,Bielfelt,lbielfeltqs@purevolume.com,Male,99.143.141.207
966,Stesha,Lacheze,slachezeqt@pcworld.com,Female,197.223.29.26
967,Donny,Cornbell,dcornbellqu@pcworld.com,Male,11.82.114.85
968,Stanly,Clemmett,sclemmettqv@seesaa.net,Male,116.197.241.2
969,Averell,Lamberton,alambertonqw@ihg.com,Male,87.207.254.161
970,Sigfrid,Clyant,sclyantqx@over-blog.com,Male,48.157.236.155
971,Nona,Scarlon,nscarlonqy@howstuffworks.com,Female,10.189.93.124
972,Wye,Sissons,wsissonsqz@prlog.org,Male,194.5.13.204
973,Remy,Crummie,rcrummier0@zimbio.com,Female,250.227.228.36
974,Devy,Reffe,dreffer1@live.com,Male,67.169.88.165
975,Armand,Szymanowicz,aszymanowiczr2@accuweather.com,Male,215.164.140.195
976,Paola,Medina,pmedinar3@imgur.com,Female,83.148.90.57
977,Nichole,Gullis,ngullisr4@marriott.com,Male,161.114.37.211
978,Bertie,Gumn,bgumnr5@xing.com,Male,227.84.5.253
979,Charlean,Cantos,ccantosr6@ebay.co.uk,Genderfluid,59.109.212.156
980,Uta,Gencke,ugencker7@last.fm,Genderqueer,160.144.195.242
981,Cymbre,Behrendsen,cbehrendsenr8@cam.ac.uk,Female,200.148.210.220
982,Bord,Cathee,bcatheer9@1688.com,Male,137.30.189.119
983,Lorinda,Quarmby,lquarmbyra@newyorker.com,Female,144.144.82.196
984,Kippar,Horning,khorningrb@theguardian.com,Male,239.54.124.78
985,Devon,Jonah,djonahrc@imageshack.us,Female,101.216.64.37
986,Aimee,Browse,abrowserd@telegraph.co.uk,Female,223.128.191.154
987,Pierson,Jann,pjannre@disqus.com,Male,226.186.110.121
988,Wernher,Lavarack,wlavarackrf@blogspot.com,Genderqueer,253.184.163.228
989,Fey,Naisby,fnaisbyrg@paginegialle.it,Female,142.248.190.15
990,Darla,MacGuiness,dmacguinessrh@intel.com,Female,107.248.162.89
991,Brion,Pavlovsky,bpavlovskyri@meetup.com,Male,108.8.162.233
992,Leanna,Pohlak,lpohlakrj@ocn.ne.jp,Female,227.61.60.185
993,Elwira,Trapp,etrapprk@about.com,Female,122.187.192.154
994,Aloisia,Sandall,asandallrl@cmu.edu,Female,63.214.49.245
995,Lindon,Alexis,lalexisrm@theguardian.com,Male,68.201.217.28
996,Eldon,Loker,elokerrn@trellian.com,Male,96.123.46.35
997,Abagael,Cridlan,acridlanro@wikipedia.org,Female,220.116.128.161
998,Donalt,Feaks,dfeaksrp@blog.com,Male,129.44.185.72
999,Diane,Spottiswood,dspottiswoodrq@networkadvertising.org,Agender,125.255.146.62
1000,Samuel,Goodlatt,sgoodlattrr@webeden.co.uk,Male,179.40.121.35
